block_order,monitor
block1_order1.csv,kof
block2_order1.csv,tid
block3_order1.csv,zor
block4_order1.csv,neb
block1_order2.csv,sot
block2_order2.csv,jes
block3_order2.csv,hox
block4_order2.csv,mer
block1_order3.csv,sib
block2_order3.csv,fal
block3_order3.csv,lum
block4_order3.csv,daz
block1_order4.csv,rud
block2_order4.csv,rel
block3_order4.csv,ker
block4_order4.csv,lev
block1_order5.csv,rud
block2_order5.csv,nav
block3_order5.csv,neb
block4_order5.csv,mer
block1_order6.csv,tid
block2_order6.csv,zor
block3_order6.csv,taf
block4_order6.csv,ker
block1_order7.csv,hox
block2_order7.csv,rel
block3_order7.csv,daz
block4_order7.csv,fal
block1_order8.csv,lum
block2_order8.csv,jes
block3_order8.csv,sib
block4_order8.csv,lev
block1_order9.csv,kof
block2_order9.csv,taf
block3_order9.csv,sot
block4_order9.csv,nav
